{
  "local_origin": {
    "x": 157896.160819918,
    "y": 6407066.260259042,
    "z": 18.83307838439941
  },
  "point_count": 27,
  "coordinate_ranges": {
    "x_min": -3.002,
    "x_max": 3.002,
    "y_min": -88.396,
    "y_max": 88.396,
    "z_min": 0.0,
    "z_max": 1.936
  }
}